hist_id,event_attr_id,event_timestamp,release_label,time,actual,forecast,previous
540003,173,2026-02-02 15:00:00,"Feb 02, 2026  (Jan)",10:00,,,47.9
538056,173,2026-01-05 15:00:00,"Jan 05, 2026  (Dec)",10:00,47.9,48.3,48.2
535646,173,2025-12-01 15:00:00,"Dec 01, 2025  (Nov)",10:00,48.2,49.0,48.7
533837,173,2025-11-03 15:00:00,"Nov 03, 2025  (Oct)",10:00,48.7,49.4,49.1
531773,173,2025-10-01 14:00:00,"Oct 01, 2025  (Sep)",09:00,49.1,49.0,48.7
529785,173,2025-09-02 14:00:00,"Sep 02, 2025  (Aug)",09:00,48.7,49.0,48.0
527874,173,2025-08-01 14:00:00,"Aug 01, 2025  (Jul)",09:00,48.0,49.5,49.0
525718,173,2025-07-01 14:00:00,"Jul 01, 2025  (Jun)",09:00,49.0,48.8,48.5
523763,173,2025-06-02 14:00:00,"Jun 02, 2025  (May)",09:00,48.5,49.3,48.7
521665,173,2025-05-01 14:00:00,"May 01, 2025  (Apr)",09:00,48.7,48.0,49.0
519633,173,2025-04-01 14:00:00,"Apr 01, 2025  (Mar)",09:00,49.0,49.5,50.3
517648,173,2025-03-03 15:00:00,"Mar 03, 2025  (Feb)",10:00,50.3,50.6,50.9
515594,173,2025-02-03 15:00:00,"Feb 03, 2025  (Jan)",10:00,50.9,49.3,49.2
513816,173,2025-01-03 15:00:00,"Jan 03, 2025  (Dec)",10:00,49.3,48.2,48.4
511639,173,2024-12-02 15:00:00,"Dec 02, 2024  (Nov)",10:00,48.4,47.7,46.5
509570,173,2024-11-01 14:00:00,"Nov 01, 2024  (Oct)",09:00,46.5,47.6,47.2
507408,173,2024-10-01 14:00:00,"Oct 01, 2024  (Sep)",09:00,47.2,47.6,47.2
505558,173,2024-09-03 14:00:00,"Sep 03, 2024  (Aug)",09:00,47.2,47.5,46.8
503482,173,2024-08-01 14:00:00,"Aug 01, 2024  (Jul)",09:00,46.8,48.8,48.5
501400,173,2024-07-01 14:00:00,"Jul 01, 2024  (Jun)",09:00,48.5,49.2,48.7
499364,173,2024-06-03 14:00:00,"Jun 03, 2024  (May)",09:00,48.7,49.8,49.2
497186,173,2024-05-01 14:00:00,"May 01, 2024  (Apr)",09:00,49.2,50.0,50.3
495105,173,2024-04-01 14:00:00,"Apr 01, 2024  (Mar)",09:00,50.3,48.5,47.8
493072,173,2024-03-01 15:00:00,"Mar 01, 2024  (Feb)",10:00,47.8,49.5,49.1
490979,173,2024-02-01 15:00:00,"Feb 01, 2024  (Jan)",10:00,49.1,47.2,47.1
488952,173,2024-01-03 15:00:00,"Jan 03, 2024  (Dec)",10:00,47.4,47.1,46.7
486713,173,2023-12-01 15:00:00,"Dec 01, 2023  (Nov)",10:00,46.7,47.6,46.7
484520,173,2023-11-01 14:00:00,"Nov 01, 2023  (Oct)",09:00,46.7,49.0,49.0
482542,173,2023-10-02 14:00:00,"Oct 02, 2023  (Sep)",09:00,49.0,47.7,47.6
480651,173,2023-09-01 14:00:00,"Sep 01, 2023  (Aug)",09:00,47.6,47.0,46.4
478635,173,2023-08-01 14:00:00,"Aug 01, 2023  (Jul)",09:00,46.4,46.8,46.0
476809,173,2023-07-03 14:00:00,"Jul 03, 2023  (Jun)",09:00,46.0,47.2,46.9
474676,173,2023-06-01 14:00:00,"Jun 01, 2023  (May)",09:00,46.9,47.0,47.1
472035,173,2023-05-01 14:00:00,"May 01, 2023  (Apr)",09:00,47.1,46.8,46.3
469849,173,2023-04-03 14:00:00,"Apr 03, 2023  (Mar)",09:00,46.3,47.5,47.7
467614,173,2023-03-01 15:00:00,"Mar 01, 2023  (Feb)",10:00,47.7,48.0,47.4
465845,173,2023-02-01 15:00:00,"Feb 01, 2023  (Jan)",10:00,47.4,48.0,48.4
464286,173,2023-01-04 15:00:00,"Jan 04, 2023  (Dec)",10:00,48.4,48.5,49.0
462314,173,2022-12-01 15:00:00,"Dec 01, 2022  (Nov)",10:00,49.0,49.8,50.2
460398,173,2022-11-01 14:00:00,"Nov 01, 2022  (Oct)",09:00,50.2,50.0,50.9
458601,173,2022-10-03 14:00:00,"Oct 03, 2022  (Sep)",09:00,50.9,52.2,52.8
456763,173,2022-09-01 14:00:00,"Sep 01, 2022  (Aug)",09:00,52.8,52.0,52.8
455044,173,2022-08-01 14:00:00,"Aug 01, 2022  (Jul)",09:00,52.8,52.0,53.0
453208,173,2022-07-01 14:00:00,"Jul 01, 2022  (Jun)",09:00,53.0,54.9,56.1
451379,173,2022-06-01 14:00:00,"Jun 01, 2022  (May)",09:00,56.1,54.5,55.4
449519,173,2022-05-02 14:00:00,"May 02, 2022  (Apr)",09:00,55.4,57.6,57.1
447687,173,2022-04-01 14:00:00,"Apr 01, 2022  (Mar)",09:00,57.1,59.0,58.6
445814,173,2022-03-01 15:00:00,"Mar 01, 2022  (Feb)",10:00,58.6,58.0,57.6
444020,173,2022-02-01 15:00:00,"Feb 01, 2022  (Jan)",10:00,57.6,57.5,58.8
443113,173,2022-01-04 15:00:00,"Jan 04, 2022  (Dec)",10:00,58.7,60.0,61.1
440456,173,2021-12-01 15:00:00,"Dec 01, 2021  (Nov)",10:00,61.1,61.0,60.8
438636,173,2021-11-01 14:00:00,"Nov 01, 2021  (Oct)",09:00,60.8,60.5,61.1
436769,173,2021-10-01 14:00:00,"Oct 01, 2021  (Sep)",09:00,61.1,59.6,59.9
434963,173,2021-09-01 14:00:00,"Sep 01, 2021  (Aug)",09:00,59.9,58.6,59.5
433200,173,2021-08-02 14:00:00,"Aug 02, 2021  (Jul)",09:00,59.5,60.9,60.6
431343,173,2021-07-01 14:00:00,"Jul 01, 2021  (Jun)",09:00,60.6,61.0,61.2
429511,173,2021-06-01 14:00:00,"Jun 01, 2021  (May)",09:00,61.2,60.9,60.7
427734,173,2021-05-03 14:00:00,"May 03, 2021  (Apr)",09:00,60.7,65.0,64.7
425989,173,2021-04-01 14:00:00,"Apr 01, 2021  (Mar)",09:00,64.7,61.3,60.8
423990,173,2021-03-01 15:00:00,"Mar 01, 2021  (Feb)",10:00,60.8,58.8,58.7
422215,173,2021-02-01 15:00:00,"Feb 01, 2021  (Jan)",10:00,58.7,60.0,60.5
420684,173,2021-01-05 15:00:00,"Jan 05, 2021  (Dec)",10:00,60.7,56.6,57.5
418171,173,2020-12-01 15:00:00,"Dec 01, 2020  (Nov)",10:00,57.5,58.0,59.3
416058,173,2020-11-02 15:00:00,"Nov 02, 2020  (Oct)",10:00,59.3,55.8,55.4
414340,173,2020-10-01 14:00:00,"Oct 01, 2020  (Sep)",09:00,55.4,56.4,56.0
412381,173,2020-09-01 14:00:00,"Sep 01, 2020  (Aug)",09:00,56.0,54.5,54.2
410658,173,2020-08-03 14:00:00,"Aug 03, 2020  (Jul)",09:00,54.2,53.6,52.6
408764,173,2020-07-01 14:00:00,"Jul 01, 2020  (Jun)",09:00,52.6,49.5,43.1
406923,173,2020-06-01 14:00:00,"Jun 01, 2020  (May)",09:00,43.1,43.0,41.5
405171,173,2020-05-01 14:00:00,"May 01, 2020  (Apr)",09:00,41.5,36.9,49.1
403408,173,2020-04-01 14:00:00,"Apr 01, 2020  (Mar)",09:00,49.1,45.0,50.1
401672,173,2020-03-02 15:00:00,"Mar 02, 2020  (Feb)",10:00,50.1,50.5,50.9
400030,173,2020-02-03 15:00:00,"Feb 03, 2020  (Jan)",10:00,50.9,48.5,47.8
398446,173,2020-01-03 15:00:00,"Jan 03, 2020  (Dec)",10:00,47.2,49.0,48.1
396746,173,2019-12-02 15:00:00,"Dec 02, 2019  (Nov)",10:00,48.1,49.2,48.3
395044,173,2019-11-01 14:00:00,"Nov 01, 2019  (Oct)",09:00,48.3,48.9,47.8
393295,173,2019-10-01 14:00:00,"Oct 01, 2019  (Sep)",09:00,47.8,50.4,49.1
391753,173,2019-09-03 14:00:00,"Sep 03, 2019  (Aug)",09:00,49.1,51.1,51.2
389996,173,2019-08-01 14:00:00,"Aug 01, 2019  (Jul)",09:00,51.2,52.0,51.7
388414,173,2019-07-01 14:00:00,"Jul 01, 2019  (Jun)",09:00,51.7,51.0,52.1
386788,173,2019-06-03 14:00:00,"Jun 03, 2019  (May)",09:00,52.1,53.0,52.8
384917,173,2019-05-01 14:00:00,"May 01, 2019  (Apr)",09:00,52.8,55.0,55.3
383345,173,2019-04-01 14:00:00,"Apr 01, 2019  (Mar)",09:00,55.3,54.5,54.2
381553,173,2019-03-01 15:00:00,"Mar 01, 2019  (Feb)",10:00,54.2,55.5,56.6
380001,173,2019-02-01 15:00:00,"Feb 01, 2019  (Jan)",10:00,56.6,54.2,54.3
378401,173,2019-01-03 15:00:00,"Jan 03, 2019  (Dec)",10:00,54.1,57.7,59.3
376686,173,2018-12-03 15:00:00,"Dec 03, 2018  (Nov)",10:00,59.3,57.6,57.7
375068,173,2018-11-01 14:00:00,"Nov 01, 2018  (Oct)",09:00,57.7,59.0,59.8
373442,173,2018-10-01 14:00:00,"Oct 01, 2018  (Sep)",09:00,59.8,60.1,61.3
371994,173,2018-09-04 14:00:00,"Sep 04, 2018  (Aug)",09:00,61.3,57.6,58.1
370275,173,2018-08-01 14:00:00,"Aug 01, 2018  (Jul)",09:00,58.1,59.4,60.2
368713,173,2018-07-02 14:00:00,"Jul 02, 2018  (Jun)",09:00,60.2,58.4,58.7
367119,173,2018-06-01 14:00:00,"Jun 01, 2018  (May)",09:00,58.7,58.2,57.3
365392,173,2018-05-01 14:00:00,"May 01, 2018  (Apr)",09:00,57.3,58.6,59.3
363889,173,2018-04-02 14:00:00,"Apr 02, 2018  (Mar)",09:00,59.3,60.1,60.8
362166,173,2018-03-01 15:00:00,"Mar 01, 2018  (Feb)",10:00,60.8,58.7,59.1
360701,173,2018-02-01 15:00:00,"Feb 01, 2018  (Jan)",10:00,59.1,58.8,59.7
359272,173,2018-01-03 15:00:00,"Jan 03, 2018  (Dec)",10:00,59.7,58.1,58.2
357687,173,2017-12-01 15:00:00,"Dec 01, 2017  (Nov)",10:00,58.2,58.4,58.7
356107,173,2017-11-01 14:00:00,"Nov 01, 2017  (Oct)",09:00,58.7,59.5,60.8
354956,173,2017-10-02 14:00:00,"Oct 02, 2017  (Sep)",09:00,60.8,58.0,58.8
353553,173,2017-09-01 14:00:00,"Sep 01, 2017  (Aug)",09:00,58.8,56.5,56.3
352045,173,2017-08-01 14:00:00,"Aug 01, 2017  (Jul)",09:00,56.3,56.5,57.8
350693,173,2017-07-03 14:00:00,"Jul 03, 2017  (Jun)",09:00,57.8,55.2,54.9
349153,173,2017-06-01 14:00:00,"Jun 01, 2017  (May)",09:00,54.9,54.5,54.8
347468,173,2017-05-01 14:00:00,"May 01, 2017  (Apr)",09:00,54.8,56.5,57.2
346178,173,2017-04-03 14:00:00,"Apr 03, 2017  (Mar)",09:00,57.2,57.0,57.7
344461,173,2017-03-01 15:00:00,"Mar 01, 2017  (Feb)",10:00,57.7,56.0,56.0
341826,173,2017-02-01 15:00:00,"Feb 01, 2017  (Jan)",10:00,56.0,55.0,54.5
340207,173,2017-01-03 15:00:00,"Jan 03, 2017  (Dec)",10:00,54.7,53.6,53.2
338581,173,2016-12-01 15:00:00,"Dec 01, 2016  (Nov)",10:00,53.2,52.2,51.9
337011,173,2016-11-01 14:00:00,"Nov 01, 2016  (Oct)",09:00,51.9,51.7,51.5
335463,173,2016-10-03 14:00:00,"Oct 03, 2016  (Sep)",09:00,51.5,50.3,49.4
333887,173,2016-09-01 14:00:00,"Sep 01, 2016  (Aug)",09:00,49.4,52.0,52.6
332261,173,2016-08-01 14:00:00,"Aug 01, 2016  (Jul)",09:00,52.6,53.0,53.2
330742,173,2016-07-01 14:00:00,"Jul 01, 2016  (Jun)",09:00,53.2,51.4,51.3
329195,173,2016-06-01 14:00:00,"Jun 01, 2016  (May)",09:00,51.3,50.4,50.8
327219,173,2016-05-02 14:00:00,"May 02, 2016  (Apr)",09:00,50.8,51.4,51.8
325557,173,2016-04-01 14:00:00,"Apr 01, 2016  (Mar)",09:00,51.8,50.7,49.5
323952,173,2016-03-01 15:00:00,"Mar 01, 2016  (Feb)",10:00,49.5,48.5,48.2
322374,173,2016-02-01 15:00:00,"Feb 01, 2016  (Jan)",10:00,48.2,48.1,48.0
320929,173,2016-01-04 15:00:00,"Jan 04, 2016  (Dec)",10:00,48.2,49.0,48.6
319341,173,2015-12-01 15:00:00,"Dec 01, 2015  (Nov)",10:00,48.6,50.5,50.1
317663,173,2015-11-02 15:00:00,"Nov 02, 2015  (Oct)",10:00,50.1,50.0,50.2
313684,173,2015-10-01 14:00:00,"Oct 01, 2015  (Sep)",09:00,50.2,50.6,51.1
312224,173,2015-09-01 14:00:00,"Sep 01, 2015  (Aug)",09:00,51.1,52.6,52.7
310810,173,2015-08-03 13:25:00,"Aug 03, 2015  (Jul)",08:25,52.7,53.5,53.5
59479,173,2015-07-01 14:00:00,"Jul 01, 2015  (Jun)",09:00,53.5,53.1,52.8
57964,173,2015-06-01 14:00:00,"Jun 01, 2015  (May)",09:00,52.8,52.0,51.5
56464,173,2015-05-01 14:00:00,"May 01, 2015  (Apr)",09:00,51.5,52.0,51.5
55015,173,2015-04-01 14:00:00,"Apr 01, 2015  (Mar)",09:00,51.5,52.5,52.9
49247,173,2015-03-02 15:00:00,"Mar 02, 2015  (Feb)",10:00,52.9,53.0,53.5
47829,173,2015-02-02 15:00:00,"Feb 02, 2015  (Jan)",10:00,53.5,54.5,55.5
46488,173,2015-01-02 15:00:00,"Jan 02, 2015  (Dec)",10:00,55.5,57.6,58.7
45155,173,2014-12-01 15:00:00,"Dec 01, 2014  (Nov)",10:00,58.7,57.9,59.0
43830,173,2014-11-03 15:00:00,"Nov 03, 2014  (Oct)",10:00,59.0,56.2,56.6
42357,173,2014-10-01 14:00:00,"Oct 01, 2014  (Sep)",09:00,56.6,58.5,59.0
41116,173,2014-09-02 14:00:00,"Sep 02, 2014",09:00,59.0,56.8,57.1
39993,173,2014-08-01 14:00:00,"Aug 01, 2014",09:00,57.1,56.0,55.3
38704,173,2014-07-01 14:00:00,"Jul 01, 2014",09:00,55.3,55.8,55.4
38019,173,2014-06-02 14:00:00,"Jun 02, 2014",09:00,55.4,55.5,54.9
36932,173,2014-05-01 14:00:00,"May 01, 2014",09:00,54.9,54.3,53.7
36004,173,2014-04-01 14:00:00,"Apr 01, 2014",09:00,53.7,54.0,53.2
35095,173,2014-03-03 15:00:00,"Mar 03, 2014",10:00,53.2,52.0,51.3
34191,173,2014-02-03 15:00:00,"Feb 03, 2014",10:00,51.3,56.4,57.0
33293,173,2014-01-02 15:00:00,"Jan 02, 2014",10:00,57.0,57.0,57.3
32403,173,2013-12-02 15:00:00,"Dec 02, 2013",10:00,57.3,55.0,56.4
31452,173,2013-11-01 14:00:00,"Nov 01, 2013",09:00,56.4,55.0,56.2
30576,173,2013-10-01 14:00:00,"Oct 01, 2013",09:00,56.2,55.0,55.7
29816,173,2013-09-03 14:00:00,"Sep 03, 2013",09:00,55.7,54.0,55.4
28918,173,2013-08-01 14:00:00,"Aug 01, 2013",09:00,55.4,52.0,50.9
28092,173,2013-07-01 14:00:00,"Jul 01, 2013",09:00,50.9,50.5,49.0
27194,173,2013-06-03 14:00:00,"Jun 03, 2013",09:00,49.0,50.7,50.7
26375,173,2013-05-01 14:00:00,"May 01, 2013",09:00,50.7,50.9,51.3
25658,173,2013-04-01 14:00:00,"Apr 01, 2013",09:00,51.3,54.2,54.2
24898,173,2013-03-01 15:00:00,"Mar 01, 2013",10:00,54.2,52.5,53.1
24344,173,2013-02-01 15:00:00,"Feb 01, 2013",10:00,53.1,50.6,50.2
23685,173,2013-01-02 15:00:00,"Jan 02, 2013",10:00,50.7,50.3,49.5
23021,173,2012-12-03 15:00:00,"Dec 03, 2012",10:00,49.5,51.3,51.7
22257,173,2012-11-01 14:00:00,"Nov 01, 2012",09:00,51.7,51.2,51.5
21489,173,2012-10-01 14:00:00,"Oct 01, 2012",09:00,51.5,49.7,49.6
20845,173,2012-09-04 14:00:00,"Sep 04, 2012",09:00,49.6,50.0,49.8
20096,173,2012-08-01 14:00:00,"Aug 01, 2012",09:00,49.8,50.2,49.7
19386,173,2012-07-02 14:00:00,"Jul 02, 2012",09:00,49.7,52.0,53.5
18633,173,2012-06-01 14:00:00,"Jun 01, 2012",09:00,53.5,53.9,54.8
17916,173,2012-05-01 14:00:00,"May 01, 2012",09:00,54.8,53.0,53.4
17051,173,2012-04-02 14:00:00,"Apr 02, 2012",09:00,53.4,53.0,52.4
16549,173,2012-03-01 15:00:00,"Mar 01, 2012",10:00,52.4,54.6,54.1
16065,173,2012-02-01 15:00:00,"Feb 01, 2012",10:00,54.1,54.5,53.9
15676,173,2012-01-03 15:00:00,"Jan 03, 2012",10:00,53.9,53.2,52.7
15232,173,2011-12-01 15:00:00,"Dec 01, 2011",10:00,52.7,51.5,50.8
14798,173,2011-11-01 14:00:00,"Nov 01, 2011",09:00,50.8,52.1,51.6
14382,173,2011-10-03 14:00:00,"Oct 03, 2011",09:00,51.6,50.5,50.6
13938,173,2011-09-01 14:00:00,"Sep 01, 2011",09:00,50.6,48.5,50.9
13464,173,2011-08-01 14:00:00,"Aug 01, 2011",09:00,50.9,54.8,55.3
13055,173,2011-07-01 14:00:00,"Jul 01, 2011",09:00,55.3,51.5,53.5
12593,173,2011-06-01 14:00:00,"Jun 01, 2011",09:00,53.5,57.5,60.4
12148,173,2011-05-02 14:00:00,"May 02, 2011",09:00,60.4,59.7,61.2
11726,173,2011-04-01 14:00:00,"Apr 01, 2011",09:00,61.2,61.0,61.4
11231,173,2011-03-01 15:00:00,"Mar 01, 2011",10:00,61.4,60.9,60.8
10748,173,2011-02-01 15:00:00,"Feb 01, 2011",10:00,60.8,58.2,58.5
10344,173,2011-01-03 15:00:00,"Jan 03, 2011",10:00,57.0,57.3,56.6
9693,173,2010-12-01 15:00:00,"Dec 01, 2010",10:00,56.6,56.4,56.9
9372,173,2010-11-01 14:00:00,"Nov 01, 2010",09:00,56.9,53.6,54.4
9078,173,2010-10-01 14:00:00,"Oct 01, 2010",09:00,54.4,54.5,56.3
8761,173,2010-09-01 14:00:00,"Sep 01, 2010",09:00,56.3,53.0,55.5
8457,173,2010-08-02 14:00:00,"Aug 02, 2010",09:00,55.5,54.2,56.2
8169,173,2010-07-01 14:00:00,"Jul 01, 2010",09:00,56.2,59.0,59.7
7868,173,2010-06-01 14:00:00,"Jun 01, 2010",09:00,59.7,58.9,60.4
7540,173,2010-05-03 14:00:00,"May 03, 2010",09:00,60.4,60.0,59.6
7231,173,2010-04-01 14:00:00,"Apr 01, 2010",09:00,59.6,57.0,56.5
6888,173,2010-03-01 15:00:00,"Mar 01, 2010",10:00,56.5,58.0,58.4
6599,173,2010-02-01 15:00:00,"Feb 01, 2010",10:00,58.4,55.2,54.9
6322,173,2010-01-04 15:00:00,"Jan 04, 2010",10:00,55.9,54.0,53.6
6036,173,2009-12-01 15:00:00,"Dec 01, 2009",10:00,53.6,54.8,55.7
5738,173,2009-11-02 15:00:00,"Nov 02, 2009",10:00,55.7,53.0,52.6
5454,173,2009-10-01 14:00:00,"Oct 01, 2009",09:00,52.6,54.5,52.9
5158,173,2009-09-01 14:00:00,"Sep 01, 2009",09:00,52.9,50.5,48.9
4866,173,2009-08-03 14:00:00,"Aug 03, 2009",09:00,48.9,46.5,44.8
4578,173,2009-07-01 14:00:00,"Jul 01, 2009",09:00,44.8,44.0,42.8
4279,173,2009-06-01 14:00:00,"Jun 01, 2009",09:00,42.8,42.0,40.1
3978,173,2009-05-01 14:00:00,"May 01, 2009",09:00,40.1,38.0,36.3
3650,173,2009-04-01 14:00:00,"Apr 01, 2009",09:00,36.3,35.7,35.8
3360,173,2009-03-02 15:00:00,"Mar 02, 2009",10:00,35.8,34.0,35.6
3078,173,2009-02-02 15:00:00,"Feb 02, 2009",10:00,35.6,32.4,32.9
2814,173,2009-01-02 15:00:00,"Jan 02, 2009",10:00,32.4,35.5,36.2
2544,173,2008-12-01 15:00:00,"Dec 01, 2008",10:00,36.2,37.2,38.9
2319,173,2008-11-03 15:00:00,"Nov 03, 2008",10:00,38.9,41.6,43.5
1707,173,2008-10-01 14:00:00,"Oct 01, 2008",09:00,43.5,49.5,49.9
1705,173,2008-09-02 14:00:00,"Sep 02, 2008",09:00,49.9,49.9,50.0
1444,173,2008-08-01 14:00:00,"Aug 01, 2008",09:00,50.0,49.4,50.2
1194,173,2008-07-01 14:00:00,"Jul 01, 2008",09:00,50.2,48.6,49.6
934,173,2008-06-02 15:00:00,"Jun 02, 2008",10:00,49.6,48.6,48.6
669,173,2008-05-01 14:00:00,"May 01, 2008",09:00,48.6,48.0,48.6
425,173,2008-04-01 14:00:00,"Apr 01, 2008",09:00,48.6,47.5,48.3
175,173,2008-03-03 15:00:00,"Mar 03, 2008",10:00,48.3,48.0,50.7
89280,173,2008-02-01 09:00:00,"Feb 01, 2008  (Jan)",04:00,50.30,,49.00
89279,173,2008-01-01 09:00:00,"Jan 01, 2008  (Dec)",04:00,49.00,,50.50
89278,173,2007-12-01 09:00:00,"Dec 01, 2007  (Nov)",04:00,50.50,,51.10
89277,173,2007-11-01 09:00:00,"Nov 01, 2007  (Oct)",04:00,51.10,,51.00
89276,173,2007-10-01 09:00:00,"Oct 01, 2007  (Sep)",04:00,51.00,,50.90
89275,173,2007-09-01 09:00:00,"Sep 01, 2007  (Aug)",04:00,50.90,,52.40
89274,173,2007-08-01 09:00:00,"Aug 01, 2007  (Jul)",04:00,52.40,,52.60
89273,173,2007-07-01 09:00:00,"Jul 01, 2007  (Jun)",04:00,52.60,,52.50
89272,173,2007-06-01 09:00:00,"Jun 01, 2007  (May)",04:00,52.50,,52.60
89271,173,2007-05-01 09:00:00,"May 01, 2007  (Apr)",04:00,52.60,,50.70
89270,173,2007-04-01 09:00:00,"Apr 01, 2007  (Mar)",04:00,50.70,,51.90
89269,173,2007-03-01 09:00:00,"Mar 01, 2007  (Feb)",04:00,51.90,,49.50
89268,173,2007-02-01 09:00:00,"Feb 01, 2007  (Jan)",04:00,49.50,,51.40
89267,173,2007-01-01 09:00:00,"Jan 01, 2007  (Dec)",04:00,51.40,,50.30
89266,173,2006-12-01 09:00:00,"Dec 01, 2006  (Nov)",04:00,50.30,,51.40
89265,173,2006-11-01 09:00:00,"Nov 01, 2006  (Oct)",04:00,51.40,,52.20
89264,173,2006-10-01 09:00:00,"Oct 01, 2006  (Sep)",04:00,52.20,,53.70
89263,173,2006-09-01 09:00:00,"Sep 01, 2006  (Aug)",04:00,53.70,,53.00
89262,173,2006-08-01 09:00:00,"Aug 01, 2006  (Jul)",04:00,53.00,,52.00
89261,173,2006-07-01 09:00:00,"Jul 01, 2006  (Jun)",04:00,52.00,,53.70
89260,173,2006-06-01 09:00:00,"Jun 01, 2006  (May)",04:00,53.70,,55.20
89259,173,2006-05-01 09:00:00,"May 01, 2006  (Apr)",04:00,55.20,,54.30
89258,173,2006-04-01 09:00:00,"Apr 01, 2006  (Mar)",04:00,54.30,,55.80
89257,173,2006-03-01 09:00:00,"Mar 01, 2006  (Feb)",04:00,55.80,,55.00
89256,173,2006-02-01 09:00:00,"Feb 01, 2006  (Jan)",04:00,55.00,,55.10
89255,173,2006-01-01 09:00:00,"Jan 01, 2006  (Dec)",04:00,55.10,,56.70
89254,173,2005-12-01 09:00:00,"Dec 01, 2005  (Nov)",04:00,56.70,,57.20
89253,173,2005-11-01 09:00:00,"Nov 01, 2005  (Oct)",04:00,57.20,,56.80
89252,173,2005-10-01 09:00:00,"Oct 01, 2005  (Sep)",04:00,56.80,,52.40
89251,173,2005-09-01 09:00:00,"Sep 01, 2005  (Aug)",04:00,52.40,,52.80
89250,173,2005-08-01 09:00:00,"Aug 01, 2005  (Jul)",04:00,52.80,,52.40
89249,173,2005-07-01 09:00:00,"Jul 01, 2005  (Jun)",04:00,52.40,,50.80
89248,173,2005-06-01 09:00:00,"Jun 01, 2005  (May)",04:00,50.80,,52.20
89247,173,2005-05-01 09:00:00,"May 01, 2005  (Apr)",04:00,52.20,,55.20
89246,173,2005-04-01 09:00:00,"Apr 01, 2005  (Mar)",04:00,55.20,,55.50
89245,173,2005-03-01 09:00:00,"Mar 01, 2005  (Feb)",04:00,55.50,,56.80
89244,173,2005-02-01 09:00:00,"Feb 01, 2005  (Jan)",04:00,56.80,,57.20
89243,173,2005-01-01 09:00:00,"Jan 01, 2005  (Dec)",04:00,57.20,,56.20
89242,173,2004-12-01 09:00:00,"Dec 01, 2004  (Nov)",04:00,56.20,,56.30
89241,173,2004-11-01 09:00:00,"Nov 01, 2004  (Oct)",04:00,56.30,,57.40
89240,173,2004-10-01 09:00:00,"Oct 01, 2004  (Sep)",04:00,57.40,,58.50
89239,173,2004-09-01 09:00:00,"Sep 01, 2004  (Aug)",04:00,58.50,,59.90
89238,173,2004-08-01 09:00:00,"Aug 01, 2004  (Jul)",04:00,59.90,,60.50
89237,173,2004-07-01 09:00:00,"Jul 01, 2004  (Jun)",04:00,60.50,,61.40
89236,173,2004-06-01 09:00:00,"Jun 01, 2004  (May)",04:00,61.40,,60.60
89235,173,2004-05-01 09:00:00,"May 01, 2004  (Apr)",04:00,60.60,,60.60
89234,173,2004-04-01 09:00:00,"Apr 01, 2004  (Mar)",04:00,60.60,,59.90
89233,173,2004-03-01 09:00:00,"Mar 01, 2004  (Feb)",04:00,59.90,,60.80
89232,173,2004-02-01 09:00:00,"Feb 01, 2004  (Jan)",04:00,60.80,,60.10
89231,173,2004-01-01 09:00:00,"Jan 01, 2004  (Dec)",04:00,60.10,,58.40
89230,173,2003-12-01 09:00:00,"Dec 01, 2003  (Nov)",04:00,58.40,,55.20
89229,173,2003-11-01 09:00:00,"Nov 01, 2003  (Oct)",04:00,55.20,,52.40
89228,173,2003-10-01 09:00:00,"Oct 01, 2003  (Sep)",04:00,52.40,,53.20
89227,173,2003-09-01 09:00:00,"Sep 01, 2003  (Aug)",04:00,53.20,,51.00
89226,173,2003-08-01 09:00:00,"Aug 01, 2003  (Jul)",04:00,51.00,,49.00
89225,173,2003-07-01 09:00:00,"Jul 01, 2003  (Jun)",04:00,49.00,,49.00
89224,173,2003-06-01 09:00:00,"Jun 01, 2003  (May)",04:00,49.00,,46.10
89223,173,2003-05-01 09:00:00,"May 01, 2003  (Apr)",04:00,46.10,,46.30
89222,173,2003-04-01 09:00:00,"Apr 01, 2003  (Mar)",04:00,46.30,,48.80
89221,173,2003-03-01 09:00:00,"Mar 01, 2003  (Feb)",04:00,48.80,,51.30
89220,173,2003-02-01 09:00:00,"Feb 01, 2003  (Jan)",04:00,51.30,,51.60
89219,173,2003-01-01 09:00:00,"Jan 01, 2003  (Dec)",04:00,51.60,,48.50
89218,173,2002-12-01 09:00:00,"Dec 01, 2002  (Nov)",04:00,48.50,,49.00
89217,173,2002-11-01 09:00:00,"Nov 01, 2002  (Oct)",04:00,49.00,,50.50
89216,173,2002-10-01 09:00:00,"Oct 01, 2002  (Sep)",04:00,50.50,,50.30
89215,173,2002-09-01 09:00:00,"Sep 01, 2002  (Aug)",04:00,50.30,,50.20
89214,173,2002-08-01 09:00:00,"Aug 01, 2002  (Jul)",04:00,50.20,,53.60
89213,173,2002-07-01 09:00:00,"Jul 01, 2002  (Jun)",04:00,53.60,,53.10
89212,173,2002-06-01 09:00:00,"Jun 01, 2002  (May)",04:00,53.10,,52.40
89211,173,2002-05-01 09:00:00,"May 01, 2002  (Apr)",04:00,52.40,,52.40
89210,173,2002-04-01 09:00:00,"Apr 01, 2002  (Mar)",04:00,52.40,,50.70
89209,173,2002-03-01 09:00:00,"Mar 01, 2002  (Feb)",04:00,50.70,,47.50
89208,173,2002-02-01 09:00:00,"Feb 01, 2002  (Jan)",04:00,47.50,,45.30
89207,173,2002-01-01 09:00:00,"Jan 01, 2002  (Dec)",04:00,45.30,,44.10
89206,173,2001-12-01 09:00:00,"Dec 01, 2001  (Nov)",04:00,44.10,,40.80
89205,173,2001-11-01 09:00:00,"Nov 01, 2001  (Oct)",04:00,40.80,,46.20
89204,173,2001-10-01 09:00:00,"Oct 01, 2001  (Sep)",04:00,46.20,,46.30
89203,173,2001-09-01 09:00:00,"Sep 01, 2001  (Aug)",04:00,46.30,,43.50
89202,173,2001-08-01 09:00:00,"Aug 01, 2001  (Jul)",04:00,43.50,,43.20
89201,173,2001-07-01 09:00:00,"Jul 01, 2001  (Jun)",04:00,43.20,,41.30
89200,173,2001-06-01 09:00:00,"Jun 01, 2001  (May)",04:00,41.30,,42.70
89199,173,2001-05-01 09:00:00,"May 01, 2001  (Apr)",04:00,42.70,,43.10
89198,173,2001-04-01 09:00:00,"Apr 01, 2001  (Mar)",04:00,43.10,,42.10
89197,173,2001-03-01 09:00:00,"Mar 01, 2001  (Feb)",04:00,42.10,,42.30
89196,173,2001-02-01 09:00:00,"Feb 01, 2001  (Jan)",04:00,42.30,,43.90
89195,173,2001-01-01 09:00:00,"Jan 01, 2001  (Dec)",04:00,43.90,,48.50
89194,173,2000-12-01 09:00:00,"Dec 01, 2000  (Nov)",04:00,48.50,,48.70
89193,173,2000-11-01 09:00:00,"Nov 01, 2000  (Oct)",04:00,48.70,,49.70
89192,173,2000-10-01 09:00:00,"Oct 01, 2000  (Sep)",04:00,49.70,,49.90
89191,173,2000-09-01 09:00:00,"Sep 01, 2000  (Aug)",04:00,49.90,,52.50
89190,173,2000-08-01 09:00:00,"Aug 01, 2000  (Jul)",04:00,52.50,,51.40
89189,173,2000-07-01 09:00:00,"Jul 01, 2000  (Jun)",04:00,51.40,,53.20
89188,173,2000-06-01 09:00:00,"Jun 01, 2000  (May)",04:00,53.20,,54.70
89187,173,2000-05-01 09:00:00,"May 01, 2000  (Apr)",04:00,54.70,,54.90
89186,173,2000-04-01 09:00:00,"Apr 01, 2000  (Mar)",04:00,54.90,,55.80
89185,173,2000-03-01 09:00:00,"Mar 01, 2000  (Feb)",04:00,55.80,,56.70
89184,173,2000-02-01 09:00:00,"Feb 01, 2000  (Jan)",04:00,56.70,,57.80
89183,173,2000-01-01 09:00:00,"Jan 01, 2000  (Dec)",04:00,57.80,,58.10
89182,173,1999-12-01 09:00:00,"Dec 01, 1999  (Nov)",04:00,58.10,,57.20
89181,173,1999-11-01 09:00:00,"Nov 01, 1999  (Oct)",04:00,57.20,,57.00
89180,173,1999-10-01 09:00:00,"Oct 01, 1999  (Sep)",04:00,57.00,,54.80
89179,173,1999-09-01 09:00:00,"Sep 01, 1999  (Aug)",04:00,54.80,,53.60
89178,173,1999-08-01 09:00:00,"Aug 01, 1999  (Jul)",04:00,53.60,,55.80
89177,173,1999-07-01 09:00:00,"Jul 01, 1999  (Jun)",04:00,55.80,,54.30
89176,173,1999-06-01 09:00:00,"Jun 01, 1999  (May)",04:00,54.30,,52.30
89175,173,1999-05-01 09:00:00,"May 01, 1999  (Apr)",04:00,52.30,,52.40
89174,173,1999-04-01 09:00:00,"Apr 01, 1999  (Mar)",04:00,52.40,,51.70
89173,173,1999-03-01 09:00:00,"Mar 01, 1999  (Feb)",04:00,51.70,,50.60
89172,173,1999-02-01 09:00:00,"Feb 01, 1999  (Jan)",04:00,50.60,,46.80
89171,173,1999-01-01 09:00:00,"Jan 01, 1999  (Dec)",04:00,46.80,,48.20
89170,173,1998-12-01 09:00:00,"Dec 01, 1998  (Nov)",04:00,48.20,,48.70
89169,173,1998-11-01 09:00:00,"Nov 01, 1998  (Oct)",04:00,48.70,,48.70
89168,173,1998-10-01 09:00:00,"Oct 01, 1998  (Sep)",04:00,48.70,,49.30
89167,173,1998-09-01 09:00:00,"Sep 01, 1998  (Aug)",04:00,49.30,,49.20
89166,173,1998-08-01 09:00:00,"Aug 01, 1998  (Jul)",04:00,49.20,,48.90
89165,173,1998-07-01 09:00:00,"Jul 01, 1998  (Jun)",04:00,48.90,,50.90
89164,173,1998-06-01 09:00:00,"Jun 01, 1998  (May)",04:00,50.90,,52.20
89163,173,1998-05-01 09:00:00,"May 01, 1998  (Apr)",04:00,52.20,,52.90
89162,173,1998-04-01 09:00:00,"Apr 01, 1998  (Mar)",04:00,52.90,,52.90
89161,173,1998-03-01 09:00:00,"Mar 01, 1998  (Feb)",04:00,52.90,,53.80
89160,173,1998-02-01 09:00:00,"Feb 01, 1998  (Jan)",04:00,53.80,,54.50
89159,173,1998-01-01 09:00:00,"Jan 01, 1998  (Dec)",04:00,54.50,,55.70
89158,173,1997-12-01 09:00:00,"Dec 01, 1997  (Nov)",04:00,55.70,,56.40
89157,173,1997-11-01 09:00:00,"Nov 01, 1997  (Oct)",04:00,56.40,,53.90
89156,173,1997-10-01 09:00:00,"Oct 01, 1997  (Sep)",04:00,53.90,,56.30
89155,173,1997-09-01 09:00:00,"Sep 01, 1997  (Aug)",04:00,56.30,,57.70
89154,173,1997-08-01 09:00:00,"Aug 01, 1997  (Jul)",04:00,57.70,,54.90
89153,173,1997-07-01 09:00:00,"Jul 01, 1997  (Jun)",04:00,54.90,,56.10
89152,173,1997-06-01 09:00:00,"Jun 01, 1997  (May)",04:00,56.10,,53.70
89151,173,1997-05-01 09:00:00,"May 01, 1997  (Apr)",04:00,53.70,,53.80
89150,173,1997-04-01 09:00:00,"Apr 01, 1997  (Mar)",04:00,53.80,,53.10
89149,173,1997-03-01 09:00:00,"Mar 01, 1997  (Feb)",04:00,53.10,,53.80
89148,173,1997-02-01 09:00:00,"Feb 01, 1997  (Jan)",04:00,53.80,,55.20
89147,173,1997-01-01 09:00:00,"Jan 01, 1997  (Dec)",04:00,55.20,,53.00
89146,173,1996-12-01 09:00:00,"Dec 01, 1996  (Nov)",04:00,53.00,,50.50
89145,173,1996-11-01 09:00:00,"Nov 01, 1996  (Oct)",04:00,50.50,,51.10
89144,173,1996-10-01 09:00:00,"Oct 01, 1996  (Sep)",04:00,51.10,,51.60
89143,173,1996-09-01 09:00:00,"Sep 01, 1996  (Aug)",04:00,51.60,,49.70
89142,173,1996-08-01 09:00:00,"Aug 01, 1996  (Jul)",04:00,49.70,,53.60
89141,173,1996-07-01 09:00:00,"Jul 01, 1996  (Jun)",04:00,53.60,,49.10
89140,173,1996-06-01 09:00:00,"Jun 01, 1996  (May)",04:00,49.10,,49.30
89139,173,1996-05-01 09:00:00,"May 01, 1996  (Apr)",04:00,49.30,,46.90
89138,173,1996-04-01 09:00:00,"Apr 01, 1996  (Mar)",04:00,46.90,,45.90
89137,173,1996-03-01 09:00:00,"Mar 01, 1996  (Feb)",04:00,45.90,,45.50
89136,173,1996-02-01 09:00:00,"Feb 01, 1996  (Jan)",04:00,45.50,,46.20
89135,173,1996-01-01 09:00:00,"Jan 01, 1996  (Dec)",04:00,46.20,,45.90
89134,173,1995-12-01 09:00:00,"Dec 01, 1995  (Nov)",04:00,45.90,,46.70
89133,173,1995-11-01 09:00:00,"Nov 01, 1995  (Oct)",04:00,46.70,,48.10
89132,173,1995-10-01 09:00:00,"Oct 01, 1995  (Sep)",04:00,48.10,,47.10
89131,173,1995-09-01 09:00:00,"Sep 01, 1995  (Aug)",04:00,47.10,,50.70
89130,173,1995-08-01 09:00:00,"Aug 01, 1995  (Jul)",04:00,50.70,,45.90
89129,173,1995-07-01 09:00:00,"Jul 01, 1995  (Jun)",04:00,45.90,,46.70
89128,173,1995-06-01 09:00:00,"Jun 01, 1995  (May)",04:00,46.70,,51.50
89127,173,1995-05-01 09:00:00,"May 01, 1995  (Apr)",04:00,51.50,,52.10
89126,173,1995-04-01 09:00:00,"Apr 01, 1995  (Mar)",04:00,52.10,,55.10
89125,173,1995-03-01 09:00:00,"Mar 01, 1995  (Feb)",04:00,55.10,,57.40
89124,173,1995-02-01 09:00:00,"Feb 01, 1995  (Jan)",04:00,57.40,,56.10
89123,173,1995-01-01 09:00:00,"Jan 01, 1995  (Dec)",04:00,56.10,,59.20
89122,173,1994-12-01 09:00:00,"Dec 01, 1994  (Nov)",04:00,59.20,,59.40
89121,173,1994-11-01 09:00:00,"Nov 01, 1994  (Oct)",04:00,59.40,,59.00
89120,173,1994-10-01 09:00:00,"Oct 01, 1994  (Sep)",04:00,59.00,,58.00
89119,173,1994-09-01 09:00:00,"Sep 01, 1994  (Aug)",04:00,58.00,,58.50
89118,173,1994-08-01 09:00:00,"Aug 01, 1994  (Jul)",04:00,58.50,,58.80
89117,173,1994-07-01 09:00:00,"Jul 01, 1994  (Jun)",04:00,58.80,,58.20
89116,173,1994-06-01 09:00:00,"Jun 01, 1994  (May)",04:00,58.20,,57.40
89115,173,1994-05-01 09:00:00,"May 01, 1994  (Apr)",04:00,57.40,,56.90
89114,173,1994-04-01 09:00:00,"Apr 01, 1994  (Mar)",04:00,56.90,,56.50
89113,173,1994-03-01 09:00:00,"Mar 01, 1994  (Feb)",04:00,56.50,,56.00
89112,173,1994-02-01 09:00:00,"Feb 01, 1994  (Jan)",04:00,56.00,,55.60
89111,173,1994-01-01 09:00:00,"Jan 01, 1994  (Dec)",04:00,55.60,,53.80
89110,173,1993-12-01 09:00:00,"Dec 01, 1993  (Nov)",04:00,53.80,,53.40
89109,173,1993-11-01 09:00:00,"Nov 01, 1993  (Oct)",04:00,53.40,,50.80
89108,173,1993-10-01 09:00:00,"Oct 01, 1993  (Sep)",04:00,50.80,,50.70
89107,173,1993-09-01 09:00:00,"Sep 01, 1993  (Aug)",04:00,50.70,,50.20
89106,173,1993-08-01 09:00:00,"Aug 01, 1993  (Jul)",04:00,50.20,,49.60
89105,173,1993-07-01 09:00:00,"Jul 01, 1993  (Jun)",04:00,49.60,,51.20
89104,173,1993-06-01 09:00:00,"Jun 01, 1993  (May)",04:00,51.20,,50.20
89103,173,1993-05-01 09:00:00,"May 01, 1993  (Apr)",04:00,50.20,,53.50
89102,173,1993-04-01 09:00:00,"Apr 01, 1993  (Mar)",04:00,53.50,,55.20
89101,173,1993-03-01 09:00:00,"Mar 01, 1993  (Feb)",04:00,55.20,,55.80
89100,173,1993-02-01 09:00:00,"Feb 01, 1993  (Jan)",04:00,55.80,,54.20
89099,173,1993-01-01 09:00:00,"Jan 01, 1993  (Dec)",04:00,54.20,,53.60
89098,173,1992-12-01 09:00:00,"Dec 01, 1992  (Nov)",04:00,53.60,,50.30
89097,173,1992-11-01 09:00:00,"Nov 01, 1992  (Oct)",04:00,50.30,,49.70
89096,173,1992-10-01 09:00:00,"Oct 01, 1992  (Sep)",04:00,49.70,,53.40
89095,173,1992-09-01 09:00:00,"Sep 01, 1992  (Aug)",04:00,53.40,,53.90
89094,173,1992-08-01 09:00:00,"Aug 01, 1992  (Jul)",04:00,53.90,,53.60
89093,173,1992-07-01 09:00:00,"Jul 01, 1992  (Jun)",04:00,53.60,,55.70
89092,173,1992-06-01 09:00:00,"Jun 01, 1992  (May)",04:00,55.70,,52.60
89091,173,1992-05-01 09:00:00,"May 01, 1992  (Apr)",04:00,52.60,,54.60
89090,173,1992-04-01 09:00:00,"Apr 01, 1992  (Mar)",04:00,54.60,,52.70
89089,173,1992-03-01 09:00:00,"Mar 01, 1992  (Feb)",04:00,52.70,,47.30
89088,173,1992-02-01 09:00:00,"Feb 01, 1992  (Jan)",04:00,47.30,,46.80
89087,173,1992-01-01 09:00:00,"Jan 01, 1992  (Dec)",04:00,46.80,,49.50
89086,173,1991-12-01 09:00:00,"Dec 01, 1991  (Nov)",04:00,49.50,,53.10
89085,173,1991-11-01 09:00:00,"Nov 01, 1991  (Oct)",04:00,53.10,,54.90
89084,173,1991-10-01 09:00:00,"Oct 01, 1991  (Sep)",04:00,54.90,,52.90
89083,173,1991-09-01 09:00:00,"Sep 01, 1991  (Aug)",04:00,52.90,,50.60
89082,173,1991-08-01 09:00:00,"Aug 01, 1991  (Jul)",04:00,50.60,,50.30
89081,173,1991-07-01 09:00:00,"Jul 01, 1991  (Jun)",04:00,50.30,,44.50
89080,173,1991-06-01 09:00:00,"Jun 01, 1991  (May)",04:00,44.50,,42.80
89079,173,1991-05-01 09:00:00,"May 01, 1991  (Apr)",04:00,42.80,,40.70
89078,173,1991-04-01 09:00:00,"Apr 01, 1991  (Mar)",04:00,40.70,,39.40
89077,173,1991-03-01 09:00:00,"Mar 01, 1991  (Feb)",04:00,39.40,,39.20
89076,173,1991-02-01 09:00:00,"Feb 01, 1991  (Jan)",04:00,39.20,,40.80
89075,173,1991-01-01 09:00:00,"Jan 01, 1991  (Dec)",04:00,40.80,,41.30
89074,173,1990-12-01 09:00:00,"Dec 01, 1990  (Nov)",04:00,41.30,,43.20
89073,173,1990-11-01 09:00:00,"Nov 01, 1990  (Oct)",04:00,43.20,,44.50
89072,173,1990-10-01 09:00:00,"Oct 01, 1990  (Sep)",04:00,44.50,,46.10
89071,173,1990-09-01 09:00:00,"Sep 01, 1990  (Aug)",04:00,46.10,,46.60
89070,173,1990-08-01 09:00:00,"Aug 01, 1990  (Jul)",04:00,46.60,,49.20
89069,173,1990-07-01 09:00:00,"Jul 01, 1990  (Jun)",04:00,49.20,,49.50
89068,173,1990-06-01 09:00:00,"Jun 01, 1990  (May)",04:00,49.50,,50.00
89067,173,1990-05-01 09:00:00,"May 01, 1990  (Apr)",04:00,50.00,,49.90
89066,173,1990-04-01 09:00:00,"Apr 01, 1990  (Mar)",04:00,49.90,,49.10
89065,173,1990-03-01 09:00:00,"Mar 01, 1990  (Feb)",04:00,49.10,,47.20
89064,173,1990-02-01 09:00:00,"Feb 01, 1990  (Jan)",04:00,47.20,,47.40
89063,173,1990-01-01 09:00:00,"Jan 01, 1990  (Dec)",04:00,47.40,,46.80
89062,173,1989-12-01 09:00:00,"Dec 01, 1989  (Nov)",04:00,46.80,,46.80
89061,173,1989-11-01 09:00:00,"Nov 01, 1989  (Oct)",04:00,46.80,,46.00
89060,173,1989-10-01 09:00:00,"Oct 01, 1989  (Sep)",04:00,46.00,,45.10
89059,173,1989-09-01 09:00:00,"Sep 01, 1989  (Aug)",04:00,45.10,,45.90
89058,173,1989-08-01 09:00:00,"Aug 01, 1989  (Jul)",04:00,45.90,,47.30
89057,173,1989-07-01 09:00:00,"Jul 01, 1989  (Jun)",04:00,47.30,,49.30
89056,173,1989-06-01 09:00:00,"Jun 01, 1989  (May)",04:00,49.30,,52.20
89055,173,1989-05-01 09:00:00,"May 01, 1989  (Apr)",04:00,52.20,,51.50
89054,173,1989-04-01 09:00:00,"Apr 01, 1989  (Mar)",04:00,51.50,,54.10
89053,173,1989-03-01 09:00:00,"Mar 01, 1989  (Feb)",04:00,54.10,,54.70
89052,173,1989-02-01 09:00:00,"Feb 01, 1989  (Jan)",04:00,54.70,,56.00
89051,173,1989-01-01 09:00:00,"Jan 01, 1989  (Dec)",04:00,56.00,,55.60
89050,173,1988-12-01 09:00:00,"Dec 01, 1988  (Nov)",04:00,55.60,,55.40
89049,173,1988-11-01 09:00:00,"Nov 01, 1988  (Oct)",04:00,55.40,,54.50
89048,173,1988-10-01 09:00:00,"Oct 01, 1988  (Sep)",04:00,54.50,,56.00
89047,173,1988-09-01 09:00:00,"Sep 01, 1988  (Aug)",04:00,56.00,,58.20
89046,173,1988-08-01 09:00:00,"Aug 01, 1988  (Jul)",04:00,58.20,,59.30
89045,173,1988-07-01 09:00:00,"Jul 01, 1988  (Jun)",04:00,59.30,,55.50
89044,173,1988-06-01 09:00:00,"Jun 01, 1988  (May)",04:00,55.50,,55.80
89043,173,1988-05-01 09:00:00,"May 01, 1988  (Apr)",04:00,55.80,,54.60
89042,173,1988-04-01 09:00:00,"Apr 01, 1988  (Mar)",04:00,54.60,,56.20
89041,173,1988-03-01 09:00:00,"Mar 01, 1988  (Feb)",04:00,56.20,,57.50
89040,173,1988-02-01 09:00:00,"Feb 01, 1988  (Jan)",04:00,57.50,,61.00
89039,173,1988-01-01 09:00:00,"Jan 01, 1988  (Dec)",04:00,61.00,,58.80
89038,173,1987-12-01 09:00:00,"Dec 01, 1987  (Nov)",04:00,58.80,,60.70
89037,173,1987-11-01 09:00:00,"Nov 01, 1987  (Oct)",04:00,60.70,,60.00
89036,173,1987-10-01 09:00:00,"Oct 01, 1987  (Sep)",04:00,60.00,,59.30
89035,173,1987-09-01 09:00:00,"Sep 01, 1987  (Aug)",04:00,59.30,,57.50
89034,173,1987-08-01 09:00:00,"Aug 01, 1987  (Jul)",04:00,57.50,,57.40
89033,173,1987-07-01 09:00:00,"Jul 01, 1987  (Jun)",04:00,57.40,,57.20
89032,173,1987-06-01 09:00:00,"Jun 01, 1987  (May)",04:00,57.20,,55.50
89031,173,1987-05-01 09:00:00,"May 01, 1987  (Apr)",04:00,55.50,,55.00
89030,173,1987-04-01 09:00:00,"Apr 01, 1987  (Mar)",04:00,55.00,,52.60
89029,173,1987-03-01 09:00:00,"Mar 01, 1987  (Feb)",04:00,52.60,,54.90
89028,173,1987-02-01 09:00:00,"Feb 01, 1987  (Jan)",04:00,54.90,,50.50
89027,173,1987-01-01 09:00:00,"Jan 01, 1987  (Dec)",04:00,50.50,,51.20
89026,173,1986-12-01 09:00:00,"Dec 01, 1986  (Nov)",04:00,51.20,,51.20
89025,173,1986-11-01 09:00:00,"Nov 01, 1986  (Oct)",04:00,51.20,,52.40
89024,173,1986-10-01 09:00:00,"Oct 01, 1986  (Sep)",04:00,52.40,,52.60
89023,173,1986-09-01 09:00:00,"Sep 01, 1986  (Aug)",04:00,52.60,,48.00
89022,173,1986-08-01 09:00:00,"Aug 01, 1986  (Jul)",04:00,48.00,,50.50
89021,173,1986-07-01 09:00:00,"Jul 01, 1986  (Jun)",04:00,50.50,,53.40
89020,173,1986-06-01 09:00:00,"Jun 01, 1986  (May)",04:00,53.40,,49.70
89019,173,1986-05-01 09:00:00,"May 01, 1986  (Apr)",04:00,49.70,,51.00
89018,173,1986-04-01 09:00:00,"Apr 01, 1986  (Mar)",04:00,51.00,,51.00
89017,173,1986-03-01 09:00:00,"Mar 01, 1986  (Feb)",04:00,51.00,,51.20
89016,173,1986-02-01 09:00:00,"Feb 01, 1986  (Jan)",04:00,51.20,,50.70
89015,173,1986-01-01 09:00:00,"Jan 01, 1986  (Dec)",04:00,50.70,,52.00
89014,173,1985-12-01 09:00:00,"Dec 01, 1985  (Nov)",04:00,52.00,,50.90
89013,173,1985-11-01 09:00:00,"Nov 01, 1985  (Oct)",04:00,50.90,,49.90
89012,173,1985-10-01 09:00:00,"Oct 01, 1985  (Sep)",04:00,49.90,,47.70
89011,173,1985-09-01 09:00:00,"Sep 01, 1985  (Aug)",04:00,47.70,,47.90
89010,173,1985-08-01 09:00:00,"Aug 01, 1985  (Jul)",04:00,47.90,,47.80
89009,173,1985-07-01 09:00:00,"Jul 01, 1985  (Jun)",04:00,47.80,,47.10
89008,173,1985-06-01 09:00:00,"Jun 01, 1985  (May)",04:00,47.10,,48.20
89007,173,1985-05-01 09:00:00,"May 01, 1985  (Apr)",04:00,48.20,,47.80
89006,173,1985-04-01 09:00:00,"Apr 01, 1985  (Mar)",04:00,47.80,,49.90
89005,173,1985-03-01 09:00:00,"Mar 01, 1985  (Feb)",04:00,49.90,,50.30
89004,173,1985-02-01 09:00:00,"Feb 01, 1985  (Jan)",04:00,50.30,,50.60
89003,173,1985-01-01 09:00:00,"Jan 01, 1985  (Dec)",04:00,50.60,,50.30
89002,173,1984-12-01 09:00:00,"Dec 01, 1984  (Nov)",04:00,50.30,,50.80
89001,173,1984-11-01 09:00:00,"Nov 01, 1984  (Oct)",04:00,50.80,,50.00
89000,173,1984-10-01 09:00:00,"Oct 01, 1984  (Sep)",04:00,50.00,,53.00
88999,173,1984-09-01 09:00:00,"Sep 01, 1984  (Aug)",04:00,53.00,,56.10
88998,173,1984-08-01 09:00:00,"Aug 01, 1984  (Jul)",04:00,56.10,,58.10
88997,173,1984-07-01 09:00:00,"Jul 01, 1984  (Jun)",04:00,58.10,,58.60
88996,173,1984-06-01 09:00:00,"Jun 01, 1984  (May)",04:00,58.60,,61.00
88995,173,1984-05-01 09:00:00,"May 01, 1984  (Apr)",04:00,61.00,,58.90
88994,173,1984-04-01 09:00:00,"Apr 01, 1984  (Mar)",04:00,58.90,,61.30
88993,173,1984-03-01 09:00:00,"Mar 01, 1984  (Feb)",04:00,61.30,,60.50
88992,173,1984-02-01 09:00:00,"Feb 01, 1984  (Jan)",04:00,60.50,,69.90
88991,173,1984-01-01 09:00:00,"Jan 01, 1984  (Dec)",04:00,69.90,,66.00
88990,173,1983-12-01 09:00:00,"Dec 01, 1983  (Nov)",04:00,66.00,,64.40
88989,173,1983-11-01 09:00:00,"Nov 01, 1983  (Oct)",04:00,64.40,,62.50
88988,173,1983-10-01 09:00:00,"Oct 01, 1983  (Sep)",04:00,62.50,,63.10
88987,173,1983-09-01 09:00:00,"Sep 01, 1983  (Aug)",04:00,63.10,,63.60
88986,173,1983-08-01 09:00:00,"Aug 01, 1983  (Jul)",04:00,63.60,,57.50
88985,173,1983-07-01 09:00:00,"Jul 01, 1983  (Jun)",04:00,57.50,,56.10
88984,173,1983-06-01 09:00:00,"Jun 01, 1983  (May)",04:00,56.10,,54.20
88983,173,1983-05-01 09:00:00,"May 01, 1983  (Apr)",04:00,54.20,,53.90
88982,173,1983-04-01 09:00:00,"Apr 01, 1983  (Mar)",04:00,53.90,,54.40
88981,173,1983-03-01 09:00:00,"Mar 01, 1983  (Feb)",04:00,54.40,,46.00
88980,173,1983-02-01 09:00:00,"Feb 01, 1983  (Jan)",04:00,46.00,,42.80
88979,173,1983-01-01 09:00:00,"Jan 01, 1983  (Dec)",04:00,42.80,,39.20
88978,173,1982-12-01 09:00:00,"Dec 01, 1982  (Nov)",04:00,39.20,,39.40
88977,173,1982-11-01 09:00:00,"Nov 01, 1982  (Oct)",04:00,39.40,,38.80
88976,173,1982-10-01 09:00:00,"Oct 01, 1982  (Sep)",04:00,38.80,,38.30
88975,173,1982-09-01 09:00:00,"Sep 01, 1982  (Aug)",04:00,38.30,,38.40
88974,173,1982-08-01 09:00:00,"Aug 01, 1982  (Jul)",04:00,38.40,,38.30
88973,173,1982-07-01 09:00:00,"Jul 01, 1982  (Jun)",04:00,38.30,,35.50
88972,173,1982-06-01 09:00:00,"Jun 01, 1982  (May)",04:00,35.50,,37.80
88971,173,1982-05-01 09:00:00,"May 01, 1982  (Apr)",04:00,37.80,,36.80
88970,173,1982-04-01 09:00:00,"Apr 01, 1982  (Mar)",04:00,36.80,,38.30
88969,173,1982-03-01 09:00:00,"Mar 01, 1982  (Feb)",04:00,38.30,,38.20
88968,173,1982-02-01 09:00:00,"Feb 01, 1982  (Jan)",04:00,38.20,,37.80
88967,173,1982-01-01 09:00:00,"Jan 01, 1982  (Dec)",04:00,37.80,,36.10
88966,173,1981-12-01 09:00:00,"Dec 01, 1981  (Nov)",04:00,36.10,,40.00
88965,173,1981-11-01 09:00:00,"Nov 01, 1981  (Oct)",04:00,40.00,,42.50
88964,173,1981-10-01 09:00:00,"Oct 01, 1981  (Sep)",04:00,42.50,,48.30
88963,173,1981-09-01 09:00:00,"Sep 01, 1981  (Aug)",04:00,48.30,,46.70
88962,173,1981-08-01 09:00:00,"Aug 01, 1981  (Jul)",04:00,46.70,,50.70
88961,173,1981-07-01 09:00:00,"Jul 01, 1981  (Jun)",04:00,50.70,,53.50
88960,173,1981-06-01 09:00:00,"Jun 01, 1981  (May)",04:00,53.50,,51.60
88959,173,1981-05-01 09:00:00,"May 01, 1981  (Apr)",04:00,51.60,,49.60
88958,173,1981-04-01 09:00:00,"Apr 01, 1981  (Mar)",04:00,49.60,,48.80
88957,173,1981-03-01 09:00:00,"Mar 01, 1981  (Feb)",04:00,48.80,,49.20
88956,173,1981-02-01 09:00:00,"Feb 01, 1981  (Jan)",04:00,49.20,,53.00
88955,173,1981-01-01 09:00:00,"Jan 01, 1981  (Dec)",04:00,53.00,,58.20
88954,173,1980-12-01 09:00:00,"Dec 01, 1980  (Nov)",04:00,58.20,,55.50
88953,173,1980-11-01 09:00:00,"Nov 01, 1980  (Oct)",04:00,55.50,,50.10
88952,173,1980-10-01 09:00:00,"Oct 01, 1980  (Sep)",04:00,50.10,,45.50
88951,173,1980-09-01 09:00:00,"Sep 01, 1980  (Aug)",04:00,45.50,,35.00
88950,173,1980-08-01 09:00:00,"Aug 01, 1980  (Jul)",04:00,35.00,,30.30
88949,173,1980-07-01 09:00:00,"Jul 01, 1980  (Jun)",04:00,30.30,,29.40
88948,173,1980-06-01 09:00:00,"Jun 01, 1980  (May)",04:00,29.40,,37.40
88947,173,1980-05-01 09:00:00,"May 01, 1980  (Apr)",04:00,37.40,,43.60
88946,173,1980-04-01 09:00:00,"Apr 01, 1980  (Mar)",04:00,43.60,,50.20
88945,173,1980-03-01 09:00:00,"Mar 01, 1980  (Feb)",04:00,50.20,,46.20
88944,173,1980-02-01 09:00:00,"Feb 01, 1980  (Jan)",04:00,46.20,,44.80
88943,173,1980-01-01 09:00:00,"Jan 01, 1980  (Dec)",04:00,44.80,,48.00
88942,173,1979-12-01 09:00:00,"Dec 01, 1979  (Nov)",04:00,48.00,,49.00
88941,173,1979-11-01 09:00:00,"Nov 01, 1979  (Oct)",04:00,49.00,,49.60
88940,173,1979-10-01 09:00:00,"Oct 01, 1979  (Sep)",04:00,49.60,,49.50
88939,173,1979-09-01 09:00:00,"Sep 01, 1979  (Aug)",04:00,49.50,,51.30
88938,173,1979-08-01 09:00:00,"Aug 01, 1979  (Jul)",04:00,51.30,,52.70
88937,173,1979-07-01 09:00:00,"Jul 01, 1979  (Jun)",04:00,52.70,,54.40
88936,173,1979-06-01 09:00:00,"Jun 01, 1979  (May)",04:00,54.40,,56.20
88935,173,1979-05-01 09:00:00,"May 01, 1979  (Apr)",04:00,56.20,,57.70
88934,173,1979-04-01 09:00:00,"Apr 01, 1979  (Mar)",04:00,57.70,,58.20
88933,173,1979-03-01 09:00:00,"Mar 01, 1979  (Feb)",04:00,58.20,,58.50
88932,173,1979-02-01 09:00:00,"Feb 01, 1979  (Jan)",04:00,58.50,,59.40
88931,173,1979-01-01 09:00:00,"Jan 01, 1979  (Dec)",04:00,59.40,,61.30
88930,173,1978-12-01 09:00:00,"Dec 01, 1978  (Nov)",04:00,61.30,,60.10
88929,173,1978-11-01 09:00:00,"Nov 01, 1978  (Oct)",04:00,60.10,,60.50
88928,173,1978-10-01 09:00:00,"Oct 01, 1978  (Sep)",04:00,60.50,,60.30
88927,173,1978-09-01 09:00:00,"Sep 01, 1978  (Aug)",04:00,60.30,,62.20
88926,173,1978-08-01 09:00:00,"Aug 01, 1978  (Jul)",04:00,62.20,,60.50
88925,173,1978-07-01 09:00:00,"Jul 01, 1978  (Jun)",04:00,60.50,,60.20
88924,173,1978-06-01 09:00:00,"Jun 01, 1978  (May)",04:00,60.20,,57.70
88923,173,1978-05-01 09:00:00,"May 01, 1978  (Apr)",04:00,57.70,,55.00
88922,173,1978-04-01 09:00:00,"Apr 01, 1978  (Mar)",04:00,55.00,,55.90
88921,173,1978-03-01 09:00:00,"Mar 01, 1978  (Feb)",04:00,55.90,,57.40
88920,173,1978-02-01 09:00:00,"Feb 01, 1978  (Jan)",04:00,57.40,,59.80
88919,173,1978-01-01 09:00:00,"Jan 01, 1978  (Dec)",04:00,59.80,,56.10
88918,173,1977-12-01 09:00:00,"Dec 01, 1977  (Nov)",04:00,56.10,,55.40
88917,173,1977-11-01 09:00:00,"Nov 01, 1977  (Oct)",04:00,55.40,,53.90
88916,173,1977-10-01 09:00:00,"Oct 01, 1977  (Sep)",04:00,53.90,,54.90
88915,173,1977-09-01 09:00:00,"Sep 01, 1977  (Aug)",04:00,54.90,,57.70
88914,173,1977-08-01 09:00:00,"Aug 01, 1977  (Jul)",04:00,57.70,,56.80
88913,173,1977-07-01 09:00:00,"Jul 01, 1977  (Jun)",04:00,56.80,,59.70
88912,173,1977-06-01 09:00:00,"Jun 01, 1977  (May)",04:00,59.70,,56.90
88911,173,1977-05-01 09:00:00,"May 01, 1977  (Apr)",04:00,56.90,,58.40
88910,173,1977-04-01 09:00:00,"Apr 01, 1977  (Mar)",04:00,58.40,,55.00
88909,173,1977-03-01 09:00:00,"Mar 01, 1977  (Feb)",04:00,55.00,,54.80
88908,173,1977-02-01 09:00:00,"Feb 01, 1977  (Jan)",04:00,54.80,,56.60
88907,173,1977-01-01 09:00:00,"Jan 01, 1977  (Dec)",04:00,56.60,,51.70
88906,173,1976-12-01 09:00:00,"Dec 01, 1976  (Nov)",04:00,51.70,,53.50
88905,173,1976-11-01 09:00:00,"Nov 01, 1976  (Oct)",04:00,53.50,,53.60
88904,173,1976-10-01 09:00:00,"Oct 01, 1976  (Sep)",04:00,53.60,,54.50
88903,173,1976-09-01 09:00:00,"Sep 01, 1976  (Aug)",04:00,54.50,,55.90
88902,173,1976-08-01 09:00:00,"Aug 01, 1976  (Jul)",04:00,55.90,,58.20
88901,173,1976-07-01 09:00:00,"Jul 01, 1976  (Jun)",04:00,58.20,,58.80
88900,173,1976-06-01 09:00:00,"Jun 01, 1976  (May)",04:00,58.80,,60.60
88899,173,1976-05-01 09:00:00,"May 01, 1976  (Apr)",04:00,60.60,,58.40
88898,173,1976-04-01 09:00:00,"Apr 01, 1976  (Mar)",04:00,58.40,,61.50
88897,173,1976-03-01 09:00:00,"Mar 01, 1976  (Feb)",04:00,61.50,,58.80
88896,173,1976-02-01 09:00:00,"Feb 01, 1976  (Jan)",04:00,58.80,,54.90
88895,173,1976-01-01 09:00:00,"Jan 01, 1976  (Dec)",04:00,54.90,,54.50
88894,173,1975-12-01 09:00:00,"Dec 01, 1975  (Nov)",04:00,54.50,,55.50
88893,173,1975-11-01 09:00:00,"Nov 01, 1975  (Oct)",04:00,55.50,,54.40
88892,173,1975-10-01 09:00:00,"Oct 01, 1975  (Sep)",04:00,54.40,,51.40
88891,173,1975-09-01 09:00:00,"Sep 01, 1975  (Aug)",04:00,51.40,,47.20
88890,173,1975-08-01 09:00:00,"Aug 01, 1975  (Jul)",04:00,47.20,,45.10
88889,173,1975-07-01 09:00:00,"Jul 01, 1975  (Jun)",04:00,45.10,,41.20
88888,173,1975-06-01 09:00:00,"Jun 01, 1975  (May)",04:00,41.20,,37.50
88887,173,1975-05-01 09:00:00,"May 01, 1975  (Apr)",04:00,37.50,,31.60
88886,173,1975-04-01 09:00:00,"Apr 01, 1975  (Mar)",04:00,31.60,,34.40
88885,173,1975-03-01 09:00:00,"Mar 01, 1975  (Feb)",04:00,34.40,,30.70
88884,173,1975-02-01 09:00:00,"Feb 01, 1975  (Jan)",04:00,30.70,,30.90
88883,173,1975-01-01 09:00:00,"Jan 01, 1975  (Dec)",04:00,30.90,,37.90
88882,173,1974-12-01 09:00:00,"Dec 01, 1974  (Nov)",04:00,37.90,,42.70
88881,173,1974-11-01 09:00:00,"Nov 01, 1974  (Oct)",04:00,42.70,,46.20
88880,173,1974-10-01 09:00:00,"Oct 01, 1974  (Sep)",04:00,46.20,,52.90
88879,173,1974-09-01 09:00:00,"Sep 01, 1974  (Aug)",04:00,52.90,,54.80
88878,173,1974-08-01 09:00:00,"Aug 01, 1974  (Jul)",04:00,54.80,,54.70
88877,173,1974-07-01 09:00:00,"Jul 01, 1974  (Jun)",04:00,54.70,,55.70
88876,173,1974-06-01 09:00:00,"Jun 01, 1974  (May)",04:00,55.70,,59.90
88875,173,1974-05-01 09:00:00,"May 01, 1974  (Apr)",04:00,59.90,,61.80
88874,173,1974-04-01 09:00:00,"Apr 01, 1974  (Mar)",04:00,61.80,,58.60
88873,173,1974-03-01 09:00:00,"Mar 01, 1974  (Feb)",04:00,58.60,,62.10
88872,173,1974-02-01 09:00:00,"Feb 01, 1974  (Jan)",04:00,62.10,,63.60
88871,173,1974-01-01 09:00:00,"Jan 01, 1974  (Dec)",04:00,63.60,,68.10
88870,173,1973-12-01 09:00:00,"Dec 01, 1973  (Nov)",04:00,68.10,,66.20
88869,173,1973-11-01 09:00:00,"Nov 01, 1973  (Oct)",04:00,66.20,,63.50
88868,173,1973-10-01 09:00:00,"Oct 01, 1973  (Sep)",04:00,63.50,,62.70
88867,173,1973-09-01 09:00:00,"Sep 01, 1973  (Aug)",04:00,62.70,,57.80
88866,173,1973-08-01 09:00:00,"Aug 01, 1973  (Jul)",04:00,57.80,,65.00
88865,173,1973-07-01 09:00:00,"Jul 01, 1973  (Jun)",04:00,65.00,,64.80
88864,173,1973-06-01 09:00:00,"Jun 01, 1973  (May)",04:00,64.80,,67.70
88863,173,1973-05-01 09:00:00,"May 01, 1973  (Apr)",04:00,67.70,,69.60
88862,173,1973-04-01 09:00:00,"Apr 01, 1973  (Mar)",04:00,69.60,,69.60
88861,173,1973-03-01 09:00:00,"Mar 01, 1973  (Feb)",04:00,69.60,,72.10
88860,173,1973-02-01 09:00:00,"Feb 01, 1973  (Jan)",04:00,72.10,,70.50
88859,173,1973-01-01 09:00:00,"Jan 01, 1973  (Dec)",04:00,70.50,,69.90
88858,173,1972-12-01 09:00:00,"Dec 01, 1972  (Nov)",04:00,69.90,,67.00
88857,173,1972-11-01 09:00:00,"Nov 01, 1972  (Oct)",04:00,67.00,,65.10
88856,173,1972-10-01 09:00:00,"Oct 01, 1972  (Sep)",04:00,65.10,,61.70
88855,173,1972-09-01 09:00:00,"Sep 01, 1972  (Aug)",04:00,61.70,,60.10
88854,173,1972-08-01 09:00:00,"Aug 01, 1972  (Jul)",04:00,60.10,,58.60
88853,173,1972-07-01 09:00:00,"Jul 01, 1972  (Jun)",04:00,58.60,,61.40
88852,173,1972-06-01 09:00:00,"Jun 01, 1972  (May)",04:00,61.40,,59.30
88851,173,1972-05-01 09:00:00,"May 01, 1972  (Apr)",04:00,59.30,,59.80
88850,173,1972-04-01 09:00:00,"Apr 01, 1972  (Mar)",04:00,59.80,,60.60
88849,173,1972-03-01 09:00:00,"Mar 01, 1972  (Feb)",04:00,60.60,,59.60
88848,173,1972-02-01 09:00:00,"Feb 01, 1972  (Jan)",04:00,59.60,,57.60
88847,173,1972-01-01 09:00:00,"Jan 01, 1972  (Dec)",04:00,57.60,,52.30
88846,173,1971-12-01 09:00:00,"Dec 01, 1971  (Nov)",04:00,52.30,,55.00
88845,173,1971-11-01 09:00:00,"Nov 01, 1971  (Oct)",04:00,55.00,,55.10
88844,173,1971-10-01 09:00:00,"Oct 01, 1971  (Sep)",04:00,55.10,,53.60
88843,173,1971-09-01 09:00:00,"Sep 01, 1971  (Aug)",04:00,53.60,,54.40
88842,173,1971-08-01 09:00:00,"Aug 01, 1971  (Jul)",04:00,54.40,,53.80
88841,173,1971-07-01 09:00:00,"Jul 01, 1971  (Jun)",04:00,53.80,,54.20
88840,173,1971-06-01 09:00:00,"Jun 01, 1971  (May)",04:00,54.20,,54.50
88839,173,1971-05-01 09:00:00,"May 01, 1971  (Apr)",04:00,54.50,,51.20
88838,173,1971-04-01 09:00:00,"Apr 01, 1971  (Mar)",04:00,51.20,,54.80
88837,173,1971-03-01 09:00:00,"Mar 01, 1971  (Feb)",04:00,54.80,,47.90
88836,173,1971-02-01 09:00:00,"Feb 01, 1971  (Jan)",04:00,47.90,,45.40
88835,173,1971-01-01 09:00:00,"Jan 01, 1971  (Dec)",04:00,45.40,,39.70
88834,173,1970-12-01 09:00:00,"Dec 01, 1970  (Nov)",04:00,39.70,,42.40
88833,173,1970-11-01 09:00:00,"Nov 01, 1970  (Oct)",04:00,42.40,,44.10
88832,173,1970-10-01 09:00:00,"Oct 01, 1970  (Sep)",04:00,44.10,,47.30
88831,173,1970-09-01 09:00:00,"Sep 01, 1970  (Aug)",04:00,47.30,,49.50
88830,173,1970-08-01 09:00:00,"Aug 01, 1970  (Jul)",04:00,49.50,,51.10
88829,173,1970-07-01 09:00:00,"Jul 01, 1970  (Jun)",04:00,51.10,,47.20
88828,173,1970-06-01 09:00:00,"Jun 01, 1970  (May)",04:00,47.20,,45.00
88827,173,1970-05-01 09:00:00,"May 01, 1970  (Apr)",04:00,45.00,,46.90
88826,173,1970-04-01 09:00:00,"Apr 01, 1970  (Mar)",04:00,46.90,,47.40
88825,173,1970-03-01 09:00:00,"Mar 01, 1970  (Feb)",04:00,47.40,,48.70
88824,173,1970-02-01 09:00:00,"Feb 01, 1970  (Jan)",04:00,48.70,,52.00
88823,173,1970-01-01 09:00:00,"Jan 01, 1970  (Dec)",04:00,52.00,,
